9.802221634810023843e-02,8.813058374569151532e-01,-9.862283818488307152e-02,-1.545110918043820947e+00,7.314848116370264997e-02,3.159261943843629350e+00,-2.463463071222452339e+00
9.802209328386962683e-02,8.813040159900495940e-01,-9.862271434903684131e-02,-1.545112113338305226e+00,7.314838857989455767e-02,3.159261383471367868e+00,-2.463462935797844366e+00
9.802123926637287821e-02,8.812913757243502344e-01,-9.862185497683026436e-02,-1.545120408213251473e+00,7.314774608457617899e-02,3.159257494707643055e+00,-2.463461996004177923e+00
9.801894367921745732e-02,8.812573988659244684e-01,-9.861954499628929061e-02,-1.545142704721759630e+00,7.314601906609481674e-02,3.159247041764826402e+00,-2.463459469851870587e+00
9.801451788674261922e-02,8.811918929564738212e-01,-9.861509145399137422e-02,-1.545185691423152319e+00,7.314268944936445915e-02,3.159226888944425493e+00,-2.463454599539783185e+00
9.800729500857599530e-02,8.810849875365185380e-01,-9.860782328820848208e-02,-1.545255845572654385e+00,7.313725552625989501e-02,3.159193999610527381e+00,-2.463446651207130245e+00
9.799662969419015157e-02,8.809271308086229491e-01,-9.859709110205019944e-02,-1.545359435311072893e+00,7.312923178601099528e-02,3.159145435163243310e+00,-2.463434914685395771e+00
9.798189789745927192e-02,8.807090863006195036e-01,-9.858226693660675222e-02,-1.545502521854477118e+00,7.311814874559678656e-02,3.159078354012152978e+00,-2.463418703250245922e+00
9.796249665121561923e-02,8.804219295288335800e-01,-9.856274404409209877e-02,-1.545690961683877873e+00,7.310355278013974667e-02,3.158990010549751482e+00,-2.463397353373442122e+00
9.793784384180630187e-02,8.800570446613084075e-01,-9.853793666098699389e-02,-1.545930408734907724e+00,7.308500595329993355e-02,3.158877754124890913e+00,-2.463370224474754622e+00
9.790737798364970712e-02,8.796061211810294322e-01,-9.850727978118205275e-02,-1.546226316587500538e+00,7.306208584766916980e-02,3.158739028016227746e+00,-2.463336698673876057e+00
9.787055799379222598e-02,8.790611505491491284e-01,-9.847022892912074554e-02,-1.546583940655570588e+00,7.303438539516528272e-02,3.158571368405666657e+00,-2.463296180542334124e+00
9.782686296646478374e-02,8.784144228682116973e-01,-9.842625993294258635e-02,-1.547008340376694102e+00,7.300151270742621934e-02,3.158372403351805247e+00,-2.463248096855406910e+00
9.777579194763942605e-02,8.776585235453778777e-01,-9.837486869762605834e-02,-1.547504381401786810e+00,7.296309090620431426e-02,3.158139851763378303e+00,-2.463191896344033793e+00
9.771686370958598822e-02,8.767863299556489798e-01,-9.831557097813177493e-02,-1.548076737784785495e+00,7.291875795376039082e-02,3.157871522372704298e+00,-2.463127049446731220e+00
9.764961652542861192e-02,8.757910081050925832e-01,-9.824790215254551595e-02,-1.548729894172327093e+00,7.286816648325802892e-02,3.157565312709127436e+00,-2.463053048061504047e+00
9.757360794370240065e-02,8.746660092940662379e-01,-9.817141699522123621e-02,-1.549468147993427802e+00,7.281098362915770783e-02,3.157219208072465921e+00,-2.462969405297760428e+00
9.748841456290995022e-02,8.734050667804429402e-01,-9.808568944992422656e-02,-1.550295611649164185e+00,7.274689085761101848e-02,3.156831280506452675e+00,-2.462875655228224936e+00
9.739363180607803205e-02,8.720021924428349447e-01,-9.799031240297405299e-02,-1.551216214702352048e+00,7.267558379685480630e-02,3.156399687772183604e+00,-2.462771352640851230e+00
9.728887369531415141e-02,8.704516734438193515e-01,-9.788489745638775941e-02,-1.552233706067225771e+00,7.259677206760542512e-02,3.155922672321560984e+00,-2.462656072790736506e+00
9.717377262636309188e-02,8.687480688931621398e-01,-9.776907470102280673e-02,-1.553351656199119857e+00,7.251017911345289391e-02,3.155398560270737729e+00,-2.462529411152033720e+00
9.704797914316361240e-02,8.668862065110430892e-01,-9.764249248972019235e-02,-1.554573459284146475e+00,7.241554203125503963e-02,3.154825760373562993e+00,-2.462390983169866931e+00
9.691116171240495014e-02,8.648611792912804797e-01,-9.750481721044751415e-02,-1.555902335428877015e+00,7.231261140153177891e-02,3.154202762995026443e+00,-2.462240424012242190e+00
9.676300649808350363e-02,8.626683421645554573e-01,-9.735573305944199285e-02,-1.557341332850020521e+00,7.220115111885921921e-02,3.153528139084702975e+00,-2.462077388321963323e+00
9.660321713605936333e-02,8.603033086616372893e-01,-9.719494181435360536e-02,-1.558893330064104576e+00,7.208093822226392666e-02,3.152800539150198311e+00,-2.461901549968543712e+00
9.643151450861292551e-02,8.577619475766073975e-01,-9.702216260738806552e-02,-1.560561038077154628e+00,7.195176272561704112e-02,3.152018692230592833e+00,-2.461712601800120304e+00
9.624763651900150596e-02,8.550403796300846126e-01,-9.683713169844994362e-02,-1.562347002574373089e+00,7.181342744802848843e-02,3.151181404869886293e+00,-2.461510255395366720e+00
9.605133786601592616e-02,8.521349741324492078e-01,-9.663960224828570256e-02,-1.564253606109820227e+00,7.166574784424119271e-02,3.150287560090444305e+00,-2.461294240815408152e+00
9.584238981853712702e-02,8.490423456470683750e-01,-9.642934409162676190e-02,-1.566283070296093261e+00,7.150855183502524692e-02,3.149336116366440397e+00,-2.461064306355732700e+00
9.562057999009272724e-02,8.457593506535200367e-01,-9.620614351033257572e-02,-1.568437457994006357e+00,7.134167963757209741e-02,3.148326106597302942e+00,-2.460820218298104933e+00
9.538571211341365097e-02,8.422830842108182114e-01,-9.596980300653365492e-02,-1.570718675502270179e+00,7.116498359588871447e-02,3.147256637081158548e+00,-2.460561760662482111e+00
9.513760581499072777e-02,8.386108766206372689e-01,-9.572014107577467290e-02,-1.573128474747171879e+00,7.097832801119186019e-02,3.146126886488278540e+00,-2.460288734958924195e+00
9.487609638963127867e-02,8.347402900905368517e-01,-9.545699198015751563e-02,-1.575668455472254870e+00,7.078158897230214797e-02,3.144936104834521462e+00,-2.460000959939508292e+00
9.460103457501570223e-02,8.306691153971864638e-01,-9.518020552148434565e-02,-1.578340067427998150e+00,7.057465418603833807e-02,3.143683612454779563e+00,-2.459698271350243104e+00
9.431228632625410224e-02,8.263953685495899482e-01,-9.488964681440061055e-02,-1.581144612561496965e+00,7.035742280761150824e-02,3.142368798976423072e+00,-2.459380521682981602e+00
9.400973259044284602e-02,8.219172874523105188e-01,-9.458519605953819021e-02,-1.584083247206141465e+00,7.012980527101916883e-02,3.140991122292745352e+00,-2.459047579927334581e+00
9.369326908122121988e-02,8.172333285686952387e-01,-9.426674831665843302e-02,-1.587156984271297588e+00,6.989172311943954441e-02,3.139550107536406287e+00,-2.458699331322583337e+00
9.336280605332794580e-02,8.123421635840994970e-01,-9.393421327779515051e-02,-1.590366695431985944e+00,6.964310883562571663e-02,3.138045346052878770e+00,-2.458335677109594997e+00
9.301826807715785073e-02,8.072426760691123748e-01,-9.358751504039776459e-02,-1.593713113318562025e+00,6.938390567229980876e-02,3.136476494373892532e+00,-2.457956534282732530e+00
9.265959381331843880e-02,8.019339581427802344e-01,-9.322659188047434375e-02,-1.597196833706395758e+00,6.911406748254718402e-02,3.134843273190878854e+00,-2.457561835341772749e+00
9.228673578718644965e-02,7.964153071358324176e-01,-9.285139602573463935e-02,-1.600818317705551719e+00,6.883355855021065783e-02,3.133145466328415729e+00,-2.457151528043815869e+00
9.189966016346452771e-02,7.906862222539055018e-01,-9.246189342873317729e-02,-1.604577893950467793e+00,6.854235342028459910e-02,3.131382919717672575e+00,-2.456725575155200403e+00
9.149834652073778052e-02,7.847464012407676659e-01,-9.205806354001229430e-02,-1.608475760789636722e+00,6.824043672930926729e-02,3.129555540369855393e+00,-2.456283954203417164e+00
9.108278762603036482e-02,7.785957370415439449e-01,-9.163989908124522965e-02,-1.612511988475284319e+00,6.792780303576483047e-02,3.127663295349650152e+00,-2.455826657229021492e+00
9.065298920936208649e-02,7.722343144659404857e-01,-9.120740581837916139e-02,-1.616686521353049688e+00,6.760445665046567465e-02,3.125706210748668834e+00,-2.455353690537546818e+00
9.020896973830504206e-02,7.656624068514694681e-01,-9.076060233477827033e-02,-1.620999180051665212e+00,6.727041146695457441e-02,3.123684370658894149e+00,-2.454865074451419549e+00
8.975076019254014936e-02,7.588804727266738048e-01,-9.029951980436683179e-02,-1.625449663672636325e+00,6.692569079189682191e-02,3.121597916146123808e+00,-2.454360843061871300e+00
8.927840383841378902e-02,7.518891524743511745e-01,-8.982420176477223794e-02,-1.630037551979920840e+00,6.657032717547446687e-02,3.119447044223415677e+00,-2.453841043980851122e+00
8.879195600349441830e-02,7.446892649947798315e-01,-8.933470389046807569e-02,-1.634762307589609387e+00,6.620436224178050111e-02,3.117232006824531609e+00,-2.453305738092941723e+00
8.829148385112910169e-02,7.372818043689421952e-01,-8.883109376591719064e-02,-1.639623278159604736e+00,6.582784651921302910e-02,3.114953109777383933e+00,-2.452754999307270367e+00
8.777706615500016629e-02,7.296679365217504376e-01,-8.831345065871475108e-02,-1.644619698579301126e+00,6.544083927086948027e-02,3.112610711777478389e+00,-2.452188914309423762e+00
8.724879307368174630e-02,7.218489958852699617e-01,-8.778186529273129812e-02,-1.649750693159265369e+00,6.504340832494072411e-02,3.110205223361361071e+00,-2.451607582313361622e+00
8.670676592519648007e-02,7.138264820619456552e-01,-8.723643962125583740e-02,-1.655015277820915065e+00,6.463562990510539341e-02,3.107737105880060469e+00,-2.451011114813328451e+00
8.615109696157198516e-02,7.056020564878253687e-01,-8.667728660013884756e-02,-1.660412362286199706e+00,6.421758846092395778e-02,3.105206870472534408e+00,-2.450399635335767989e+00
8.558190914339752764e-02,6.971775390957846152e-01,-8.610452996093538591e-02,-1.665940752267279334e+00,6.378937649823293587e-02,3.102615077039114322e+00,-2.449773279191238107e+00
8.499933591438062208e-02,6.885549049787521581e-01,-8.551830398404813849e-02,-1.671599151656204985e+00,6.335109440953910764e-02,3.099962333214948629e+00,-2.449132193226320808e+00
8.440352097590356206e-02,6.797362810529339328e-01,-8.491875327187051181e-02,-1.677386164714598671e+00,6.290285030441369885e-02,3.097249293343450116e+00,-2.448476535575538460e+00
8.379461806158011727e-02,6.707239427210374139e-01,-8.430603252192958585e-02,-1.683300298263332051e+00,6.244475983988655166e-02,3.094476657449737989e+00,-2.447806475413267346e+00
8.317279071181206407e-02,6.615203105354976465e-01,-8.368030630002933068e-02,-1.689339963872207306e+00,6.197694605084032998e-02,3.091645170214085248e+00,-2.447122192705648125e+00
8.253821204834575764e-02,6.521279468617001696e-01,-8.304174881339354553e-02,-1.695503480049636913e+00,6.149953918040469703e-02,3.088755619945360742e+00,-2.446423877962502935e+00
8.189106454882881525e-02,6.425495525412069364e-01,-8.239054368380899218e-02,-1.701789074432322080e+00,6.101267651035049283e-02,3.085808837554476103e+00,-2.445711731989246296e+00
8.123153982136666063e-02,6.327879635549809034e-01,-8.172688372076841734e-02,-1.708194885974934074e+00,6.051650219148396737e-02,3.082805695527830014e+00,-2.444985965638799108e+00
8.055983837907909617e-02,6.228461476866097302e-01,-8.105097069461363046e-02,-1.714718967139793326e+00,6.001116707404090256e-02,3.079747106900751596e+00,-2.444246799563502215e+00
7.987616941465698617e-02,6.127272011855318112e-01,-8.036301510967855388e-02,-1.721359286086548979e+00,5.949682853808087313e-02,3.076634024230947340e+00,-2.443494463967031294e+00
7.918075057491874569e-02,6.024343454302598655e-01,-7.966323597743232843e-02,-1.728113728861858878e+00,5.897365032388135475e-02,3.073467438571944488e+00,-2.442729198356306863e+00
7.847380773536699605e-02,5.919709235916061907e-01,-7.895186058962228026e-02,-1.734980101589070012e+00,5.844180236233198489e-02,3.070248378446535753e+00,-2.441951251293411396e+00
7.775557477474522028e-02,5.813403972959072519e-01,-7.822912429141710977e-02,-1.741956132657896728e+00,5.790146060532871258e-02,3.066977908820225363e+00,-2.441160880147499324e+00
7.702629334959421037e-02,5.705463432882477148e-01,-7.749527025454983065e-02,-1.749039474914101833e+00,5.735280685616798990e-02,3.063657130074671553e+00,-2.440358350846714153e+00
7.628621266880880603e-02,5.595924500956864778e-01,-7.675054925046091714e-02,-1.756227707849175923e+00,5.679602859994098418e-02,3.060287176981133950e+00,-2.439543937630098025e+00
7.553558926819441133e-02,5.484825146904799276e-01,-7.599521942344132641e-02,-1.763518339790017375e+00,5.623131883392771396e-02,3.056869217673916506e+00,-2.438717922799508830e+00
7.477468678502363630e-02,5.372204391533075274e-01,-7.522954606377556253e-02,-1.770908810088611451e+00,5.565887589799128898e-02,3.053404452623813548e+00,-2.437880596471529770e+00
7.400377573259288300e-02,5.258102273364960721e-01,-7.445380138088478206e-02,-1.778396491311710959e+00,5.507890330497208775e-02,3.049894113611552715e+00,-2.437032256329386470e+00
7.322313327477890377e-02,5.142559815272444990e-01,-7.366826427646976094e-02,-1.785978691430514909e+00,5.449160957108192815e-02,3.046339462701242340e+00,-2.436173207374858318e+00
7.243304300059547063e-02,5.025618991108488087e-01,-7.287322011765406948e-02,-1.793652656010349622e+00,5.389720804629827278e-02,3.042741791213813940e+00,-2.435303761680192025e+00
7.163379469874989192e-02,4.907322692339258774e-01,-7.206896051012705307e-02,-1.801415570400347610e+00,5.329591674475837870e-02,3.039102418700467378e+00,-2.434424238140015184e+00
7.082568413219965386e-02,4.787714694676390437e-01,-7.125578307128689615e-02,-1.809264561923127568e+00,5.268795817515355140e-02,3.035422691916116911e+00,-2.433534962223250275e+00
7.000901281270906218e-02,4.666839624709229195e-01,-7.043399120338378339e-02,-1.817196702064473923e+00,5.207355917112330146e-02,3.031703983792835011e+00,-2.432636265725027336e+00
6.918408777540573096e-02,4.544742926537068128e-01,-6.960389386666278322e-02,-1.825209008663017052e+00,5.145295072164948746e-02,3.027947692413296643e+00,-2.431728486518597965e+00
6.835122135333726590e-02,4.421470828401406483e-01,-6.876580535250710613e-02,-1.833298448099912381e+00,5.082636780145058375e-02,3.024155239984225751e+00,-2.430811968307247994e+00
6.751073095202785035e-02,4.297070309318192782e-01,-6.792004505658102986e-02,-1.841461937488521272e+00,5.019404920137583714e-02,3.020328071809837756e+00,-2.429887060376211494e+00
6.666293882403478976e-02,4.171589065710064603e-01,-6.706693725197296341e-02,-1.849696346864089680e+00,4.955623735879940289e-02,3.016467655265286041e+00,-2.428954117344584773e+00
6.580817184350519489e-02,4.045075478038612782e-01,-6.620681086233867751e-02,-1.857998501373427924e+00,4.891317818801462630e-02,3.012575478770106230e+00,-2.428013498917237722e+00
6.494676128073248456e-02,3.917578577436602316e-01,-6.533999923504406337e-02,-1.866365183464591793e+00,4.826512091062814397e-02,3.008653050761661341e+00,-2.427065569636730036e+00
6.407904257671302728e-02,3.789148012340245453e-01,-6.446683991430850191e-02,-1.874793135076560979e+00,4.761231788595414460e-02,3.004701898668584725e+00,-2.426110698635222107e+00
6.320535511770281056e-02,3.659834015121431472e-01,-6.358767441434777512e-02,-1.883279059828918411e+00,4.695502444140850495e-02,3.000723567884227450e+00,-2.425149259386389922e+00
6.232604200977388820e-02,3.529687368719975904e-01,-6.270284799251707453e-02,-1.891819625211532241e+00,4.629349870290300206e-02,2.996719620740102119e+00,-2.424181629457338172e+00
6.144144985337109816e-02,3.398759373275881401e-01,-6.181270942245423866e-02,-1.900411464774233394e+00,4.562800142523951163e-02,2.992691635479326262e+00,-2.423208190260513373e+00
6.055192851786858621e-02,3.267101812761552537e-01,-6.091761076722257418e-02,-1.909051180316496676e+00,4.495879582250412315e-02,2.988641205230068376e+00,-2.422229326805617866e+00
5.965783091612648220e-02,3.134766921614082769e-01,-6.001790715245420432e-02,-1.917735344077118986e+00,4.428614739846145620e-02,2.984569936978993976e+00,-2.421245427451522492e+00
5.875951277904743059e-02,3.001807351367473675e-01,-5.911395653949289702e-02,-1.926460500923901309e+00,4.361032377694877560e-02,2.980479450544707198e+00,-2.420256883658180147e+00
5.785733243013317650e-02,2.868276137284885285e-01,-5.820611949853718436e-02,-1.935223170543327154e+00,4.293159453227009259e-02,2.976371377551197739e+00,-2.419264089738540235e+00
5.695165056004125592e-02,2.734226664990894173e-01,-5.729475898178352372e-02,-1.944019849630241659e+00,4.225023101959056449e-02,2.972247360401286453e+00,-2.418267442610460005e+00
5.604283000114144986e-02,2.599712637103726021e-01,-5.638024009656922991e-02,-1.952847014077532917e+00,4.156650620533047097e-02,2.968109051250066965e+00,-2.417267341548620774e+00
5.513123550207255086e-02,2.464788039867515934e-01,-5.546292987851561551e-02,-1.961701121165810635e+00,4.088069449755953738e-02,2.963958110978353488e+00,-2.416264187936438823e+00
5.421723350229880334e-02,2.329507109784542118e-01,-5.454319706467104095e-02,-1.970578611753086573e+00,4.019307157639104289e-02,2.959796208166124654e+00,-2.415258385017979403e+00
5.330119190666662843e-02,2.193924300247486192e-01,-5.362141186665393688e-02,-1.979475912464453868e+00,3.950391422437608824e-02,2.955625018065967335e+00,-2.414250337649872513e+00
5.238347985996111289e-02,2.058094248171665752e-01,-5.269794574379591673e-02,-1.988389437881766808e+00,3.881350015689771782e-02,2.951446221576522699e+00,-2.413240452053221574e+00
5.146446752146266457e-02,1.922071740627289138e-01,-5.177317117628477822e-02,-1.997315592733321044e+00,3.812210785256509027e-02,2.947261504215929584e+00,-2.412229135565522320e+00
5.054452583950362621e-02,1.785911681471706869e-01,-5.084746143830767839e-02,-2.006250774083532473e+00,3.743001638360778788e-02,2.943072555095271881e+00,-2.411216796392571027e+00
4.962402632602483377e-02,1.649669057981647535e-01,-4.992119037119403802e-02,-2.015191373522617901e+00,3.673750524626984149e-02,2.938881065892019251e+00,-2.410203843360382958e+00
4.870334083113223023e-02,1.513398907485471456e-01,-4.899473215655874431e-02,-2.024133779356274587e+00,3.604485419120408152e-02,2.934688729823476283e+00,-2.409190685667100595e+00
4.778284131765341003e-02,1.377156283995408792e-01,-4.806846108944509005e-02,-2.033074378795360460e+00,3.535234305386612125e-02,2.930497240620224098e+00,-2.408177732634912527e+00
4.686289963569435779e-02,1.240996224839824302e-01,-4.714275135146797635e-02,-2.042009560145571889e+00,3.466025158490881192e-02,2.926308291499565950e+00,-2.407165393461961234e+00
4.594388729719591641e-02,1.104973717295448798e-01,-4.621797678395685172e-02,-2.050935714997125903e+00,3.396885928057619825e-02,2.922123574138972835e+00,-2.406154076974261979e+00
4.502617525049039393e-02,9.691436652196272483e-02,-4.529451066109880381e-02,-2.059849240414438842e+00,3.327844521309780007e-02,2.917944777649528199e+00,-2.405144191377611040e+00
4.411013365485821902e-02,8.335608556825724325e-02,-4.437272546308172055e-02,-2.068746541125806360e+00,3.258928786108285930e-02,2.913773587549370880e+00,-2.404136144009504150e+00
4.319613165508447844e-02,6.982799255995986165e-02,-4.345299264923712518e-02,-2.077624031713082076e+00,3.190166493991437174e-02,2.909611684737142046e+00,-2.403130341091044730e+00
4.228453715601560720e-02,5.633553283633896402e-02,-4.253568243118354547e-02,-2.086478138801359794e+00,3.121585323214345203e-02,2.905460744465429013e+00,-2.402127187478862780e+00
4.137571659711578032e-02,4.288413004762203773e-02,-4.162116354596923778e-02,-2.095305303248651274e+00,3.053212841788333770e-02,2.901322435314209081e+00,-2.401127086417023548e+00
4.047003472702385973e-02,2.947918281822303754e-02,-4.070980302921558408e-02,-2.104101982335565779e+00,2.985076490520380960e-02,2.897198418164297795e+00,-2.400130439288943762e+00
3.956785437810958483e-02,1.612606140996397652e-02,-3.980196598825985754e-02,-2.112864651954991402e+00,2.917203566052511965e-02,2.893090345170788780e+00,-2.399137645369303407e+00
3.866953624103054016e-02,2.830104385302956160e-03,-3.889801537529854331e-02,-2.121589808801773724e+00,2.849621203901244598e-02,2.888999858736501558e+00,-2.398149101575961062e+00
3.777543863928842921e-02,-1.040338472944390968e-02,-3.799831176053016651e-02,-2.130273972562396256e+00,2.782356361496977903e-02,2.884928590485427158e+00,-2.397165202221865687e+00
3.688591730378595196e-02,-2.356914078087624098e-02,-3.710321310529854366e-02,-2.138913688104659094e+00,2.715435801223441137e-02,2.880878160236169716e+00,-2.396186338766970181e+00
3.600132514738313416e-02,-3.666194032528646840e-02,-3.621307453523565922e-02,-2.147505527667360692e+00,2.648886073457089319e-02,2.876850174975393415e+00,-2.395212899570145382e+00
3.512201203945422567e-02,-4.967660496543202520e-02,-3.532824811340497251e-02,-2.156046093049974299e+00,2.582733499606539723e-02,2.872846227831268084e+00,-2.394245269641093632e+00
3.424832458044399508e-02,-6.260800468731297919e-02,-3.444908261344425959e-02,-2.164532017802331954e+00,2.517004155151976452e-02,2.868867897046910809e+00,-2.393283830392261446e+00
3.338060587642457944e-02,-7.545106119694888758e-02,-3.357592329270869813e-02,-2.172959969414300918e+00,2.451723852684576516e-02,2.864916744953834637e+00,-2.392328959390753518e+00
3.251919531365184135e-02,-8.820075125714987863e-02,-3.270911166541411175e-02,-2.181326651505464564e+00,2.386918124945928282e-02,2.860994316945389304e+00,-2.391381030110245831e+00
3.166442833312224647e-02,-1.008521100242949498e-01,-3.184898527577978422e-02,-2.189628806014803253e+00,2.322612207867451317e-02,2.857102140450209493e+00,-2.390440411682898780e+00
3.081663620512915813e-02,-1.134002343851080452e-01,-3.099587747117169001e-02,-2.197863215390371661e+00,2.258831023609805116e-02,2.853241723905657778e+00,-2.389507468651272060e+00
2.997614580381974259e-02,-1.258402862934298039e-01,-3.015011717524564150e-02,-2.206026704778980552e+00,2.195599163602330456e-02,2.849414555731269783e+00,-2.388582560720235559e+00
2.914327938175129140e-02,-1.381674961069956353e-01,-2.931202866108995053e-02,-2.214116144215875881e+00,2.132940871582440084e-02,2.845622103302198891e+00,-2.387666042508885589e+00
2.831835434444796018e-02,-1.503771659242119085e-01,-2.848193132436896424e-02,-2.222128450814418787e+00,2.070880026635060073e-02,2.841865811922660523e+00,-2.386758263302456218e+00
2.750168302495735462e-02,-1.624646729209278107e-01,-2.766013945646583760e-02,-2.230060590955765143e+00,2.009440126232033691e-02,2.838147103799378623e+00,-2.385859566804233278e+00
2.669357245840717208e-02,-1.744254726872143113e-01,-2.684696201762573620e-02,-2.237909582478544657e+00,1.948644269271554430e-02,2.834467377015028156e+00,-2.384970290887468369e+00
2.589432415656153785e-02,-1.862551025641379088e-01,-2.604270241009865039e-02,-2.245672496868543533e+00,1.888515139117562247e-02,2.830828004501681594e+00,-2.384090767347291528e+00
2.510423388237813247e-02,-1.979491849805330439e-01,-2.524765825128300056e-02,-2.253346461448377802e+00,1.829074986639198791e-02,2.827230333014253194e+00,-2.383221321652625235e+00
2.432359142456412548e-02,-2.095034307897847281e-01,-2.446212114686796557e-02,-2.260928661567181752e+00,1.770345613250180056e-02,2.823675682103942819e+00,-2.382362272698097083e+00
2.355268037213339993e-02,-2.209136426065960723e-01,-2.368637646397719898e-02,-2.268416342790280815e+00,1.712348353948262014e-02,2.820165343091682431e+00,-2.381513932555953783e+00
2.279177788896262491e-02,-2.321757181437691386e-01,-2.292070310431142122e-02,-2.275806813088875558e+00,1.655104060354617435e-02,2.816700578041579028e+00,-2.380676606227974723e+00
2.204115448834827184e-02,-2.432856535489746896e-01,-2.216537327729187212e-02,-2.283097445029716344e+00,1.598633083753295270e-02,2.813282618734362028e+00,-2.379850591397385529e+00
2.130107380756282587e-02,-2.542395467415363708e-01,-2.142065227320293086e-02,-2.290285677964790878e+00,1.542955258130592616e-02,2.809912665640824425e+00,-2.379036178180769401e+00
2.057179238241184371e-02,-2.650336007491953527e-01,-2.068679823633565174e-02,-2.297369020220996205e+00,1.488089883214520348e-02,2.806591886895270616e+00,-2.378233648879984230e+00
1.985355942179001243e-02,-2.756641270448949577e-01,-1.996406193813045349e-02,-2.304345051289823143e+00,1.434055707514190342e-02,2.803321417268959337e+00,-2.377443277734072158e+00
1.914661658223829055e-02,-2.861275488835488545e-01,-1.925268655032040532e-02,-2.311211424017034055e+00,1.380870911359252662e-02,2.800102357143551046e+00,-2.376665330671176690e+00
1.845119774250006395e-02,-2.964204046388205782e-01,-1.855290741807419375e-02,-2.317965866792343732e+00,1.328553089939304294e-02,2.796935771484548194e+00,-2.375900065060452260e+00
1.776752877807795394e-02,-3.065393511398986082e-01,-1.786495183313914492e-02,-2.324606185739099384e+00,1.277119236343300657e-02,2.793822688814743938e+00,-2.375147729463981339e+00
1.709582733579041725e-02,-3.164811670082690043e-01,-1.718903880698438580e-02,-2.331130266903958415e+00,1.226585724598994870e-02,2.790764100187665520e+00,-2.374408563388684446e+00
1.643630260832819323e-02,-3.262427559944960365e-01,-1.652537884394374157e-02,-2.337536078446571075e+00,1.176968292712339548e-02,2.787760958161019431e+00,-2.373682797038237258e+00
1.578915510881129247e-02,-3.358211503149881594e-01,-1.587417371435924374e-02,-2.343821672829255576e+00,1.128282025706921210e-02,2.784814175770134792e+00,-2.372970651064980618e+00
1.515457644534494441e-02,-3.452135139887861914e-01,-1.523561622772343083e-02,-2.349985189006685182e+00,1.080541338663358608e-02,2.781924625501410286e+00,-2.372272336321835429e+00
1.453274909557689121e-02,-3.544171461743264029e-01,-1.460989000582313402e-02,-2.356024854615560660e+00,1.033759959758732971e-02,2.779093138265757545e+00,-2.371588053614216207e+00
1.392384618125347417e-02,-3.634294845062231438e-01,-1.399716925588226357e-02,-2.361938988164294262e+00,9.879509133060210280e-03,2.776320502372045418e+00,-2.370917993451944650e+00
1.332803124277640028e-02,-3.722481084320412581e-01,-1.339761854370459526e-02,-2.367726001222687948e+00,9.431265027934759848e-03,2.773607462500546905e+00,-2.370262335801162745e+00
1.274545801375945309e-02,-3.808707425490742704e-01,-1.281139256681730620e-02,-2.373384400611613820e+00,8.992982939240945495e-03,2.770954718676381212e+00,-2.369621249836245447e+00
1.217627019558507884e-02,-3.892952599411136916e-01,-1.223863592761395558e-02,-2.378912790592692339e+00,8.564770976549965220e-03,2.768362925242961126e+00,-2.368994893691715564e+00
1.162060123196055617e-02,-3.975196855152345332e-01,-1.167948290649693799e-02,-2.384309875057977202e+00,8.146729532368501836e-03,2.765832689835435065e+00,-2.368383414214155103e+00
1.107857408347530381e-02,-4.055421993385579515e-01,-1.113405723502147726e-02,-2.389574459719627342e+00,7.738951112533185017e-03,2.763364572354134907e+00,-2.367786946714121932e+00
1.055030100215682831e-02,-4.133611399750394266e-01,-1.060247186903798267e-02,-2.394705454299591807e+00,7.341520166604414976e-03,2.760959083938016700e+00,-2.367205614718059792e+00
1.003588330602792067e-02,-4.209750078222314063e-01,-1.008482876183552923e-02,-2.399701874719288419e+00,6.954512918260866150e-03,2.758616685938111601e+00,-2.366639529720213186e+00
9.535411153662604056e-03,-4.283824684480690426e-01,-9.581218637284699691e-03,-2.404562845289283324e+00,6.577997195693394139e-03,2.756337788890964369e+00,-2.366088790934541830e+00
9.048963318743233342e-03,-4.355823559276403856e-01,-9.091720762980481929e-03,-2.409287600898972315e+00,6.212032261999428373e-03,2.754122751492079857e+00,-2.365553485046632431e+00
8.576606964616845241e-03,-4.425736761799630159e-01,-8.616402723385901963e-03,-2.413875489206256386e+00,5.856668645577059462e-03,2.751971879569371726e+00,-2.365033685965612253e+00
8.118397418851994174e-03,-4.493556103047582351e-01,-8.155320192974491178e-03,-2.418325972827227499e+00,5.511947970519293083e-03,2.749885425056601385e+00,-2.364529454576064005e+00
7.674377947795005261e-03,-4.559275179192285865e-01,-7.708516709373641751e-03,-2.422638631525842356e+00,5.177902787008248353e-03,2.747863584966827144e+00,-2.364040838489936736e+00
7.244579531126657534e-03,-4.622889404948338221e-01,-7.276023446507462467e-03,-2.426813164403609058e+00,4.854556401709037017e-03,2.745906500365845382e+00,-2.363567871798462061e+00
6.829020636419269596e-03,-4.684396046940564329e-01,-6.857858987740508838e-03,-2.430849392089255989e+00,4.541922708164627953e-03,2.744014255345640585e+00,-2.363110574824066390e+00
6.427706993692508530e-03,-4.743794257071944909e-01,-6.454029099019570337e-03,-2.434747258928424696e+00,4.240006017189282272e-03,2.742186875997822959e+00,-2.362668953872283151e+00
6.040631369970669851e-03,-4.801085105891207405e-01,-6.064526502018205423e-03,-2.438506835173340548e+00,3.948800887263292925e-03,2.740424329387080249e+00,-2.362243000983667685e+00
5.667773343838541922e-03,-4.856271615960696675e-01,-5.689330647278376119e-03,-2.442128319172497619e+00,3.668291954926669596e-03,2.738726522524616680e+00,-2.361832693685710360e+00
5.309099079999213266e-03,-4.909358795224005867e-01,-5.328407487354996919e-03,-2.445612039560329798e+00,3.398453765174100361e-03,2.737093301341603446e+00,-2.361437994744751023e+00
4.964561103829132072e-03,-4.960353670373875978e-01,-4.981709249957624874e-03,-2.448958457446906323e+00,3.139250601848220246e-03,2.735524449662617208e+00,-2.361058851917889001e+00
4.634098075935913497e-03,-5.009265320219826734e-01,-4.649174211094384002e-03,-2.452168168607594456e+00,2.890636318034420227e-03,2.734019688179089691e+00,-2.360695197704900217e+00
4.317634566714217970e-03,-5.056104909055991747e-01,-4.330726468214585179e-03,-2.455241905672750580e+00,2.652554166454726414e-03,2.732578673422750626e+00,-2.360346949100148972e+00
4.015080830902906239e-03,-5.100885720028787151e-01,-4.026275713352123198e-03,-2.458180540317395746e+00,2.424936629862373128e-03,2.731200996739072018e+00,-2.360014007344501952e+00
3.726332582141375638e-03,-5.143623188504755639e-01,-3.735717006268457485e-03,-2.460985085450894339e+00,2.207705251435571059e-03,2.729886183260716415e+00,-2.359696257677240450e+00
3.451270767525799199e-03,-5.184334935438250636e-01,-3.458930547595287508e-03,-2.463656697406637175e+00,2.000770465171816670e-03,2.728633690880974960e+00,-2.359393569087975262e+00
3.189761342166308467e-03,-5.223040800739255918e-01,-3.195781451978102483e-03,-2.466196678131720166e+00,1.804031426282035055e-03,2.727442909227217438e+00,-2.359105794068559359e+00
2.941655043743551801e-03,-5.259762876641056462e-01,-2.946119521219231485e-03,-2.468606477376621200e+00,1.617375841585277918e-03,2.726313158634337430e+00,-2.358832768365001442e+00
2.706787167064295119e-03,-5.294525541068093588e-01,-2.709779017420144154e-03,-2.470887694884886798e+00,1.440679799901756208e-03,2.725243689118193036e+00,-2.358574310729378176e+00
2.484977338619964726e-03,-5.327355491003573640e-01,-2.486578436125944092e-03,-2.473042082582798784e+00,1.273807602448648324e-03,2.724233679349055581e+00,-2.358330222671750853e+00
2.276029291141165589e-03,-5.358281775857374196e-01,-2.276320279467169971e-03,-2.475071546769071595e+00,1.116611593232716415e-03,2.723282235625051673e+00,-2.358100288212075402e+00
2.079730638155641298e-03,-5.387335830833723804e-01,-2.078790829302928911e-03,-2.476978150304518955e+00,9.689319894454762050e-04,2.722388390845609685e+00,-2.357884273632116834e+00
1.895852648544041341e-03,-5.414551510298974968e-01,-1.893759920364654348e-03,-2.478764114801738305e+00,8.305967118568124974e-04,2.721551103484903145e+00,-2.357681927227363250e+00
1.724150021097756169e-03,-5.439965121149263894e-01,-1.720980713399225537e-03,-2.480431822814788134e+00,7.014212152099824626e-04,2.720769256565297667e+00,-2.357492979058939842e+00
1.564360659073490978e-03,-5.463615456178445573e-01,-1.560189468310740901e-03,-2.481983820028871968e+00,5.812083186146760339e-04,2.720041656630792559e+00,-2.357317140705520231e+00
1.416205444752141607e-03,-5.485543827445695797e-01,-1.411105317305205720e-03,-2.483422817450015252e+00,4.697480359420885820e-04,2.719367032720469091e+00,-2.357154105015241363e+00
1.279388013993520978e-03,-5.505794099643319672e-01,-1.273430038032555278e-03,-2.484751693594746236e+00,3.668174062188833684e-04,2.718744035341932985e+00,-2.357003545857616622e+00
1.153594530793930484e-03,-5.524412723464509067e-01,-1.146847826729913145e-03,-2.485973496679772854e+00,2.721803240209597075e-04,2.718171235444757361e+00,-2.356865117875449833e+00
1.038493461842940335e-03,-5.541448768971084515e-01,-1.031025071365002099e-03,-2.487091446811666717e+00,1.855873698684284978e-04,2.717647123393934994e+00,-2.356738456236747048e+00
9.337353510789347943e-04,-5.556953958961259321e-01,-9.256101247785836206e-04,-2.488108938176541329e+00,1.067756406190056850e-04,2.717170107943311486e+00,-2.356623176386632323e+00
8.389525942471554032e-04,-5.570982702337321513e-01,-8.302330778285210711e-04,-2.489029541229728082e+00,3.546857986287677011e-05,2.716738515209043303e+00,-2.356518873799258618e+00
7.537592134547882461e-04,-5.583592127473551159e-01,-7.445055325315391714e-04,-2.489857004885463354e+00,-2.862419168375707201e-05,2.716350587643030501e+00,-2.356425123729723126e+00
6.777506317284937021e-04,-5.594842115583817943e-01,-6.680203752072594314e-04,-2.490595258706565396e+00,-8.580704578407816197e-05,2.716004483006368542e+00,-2.356341480965979507e+00
6.105034475709925079e-04,-5.604795334089391901e-01,-6.003515496208755575e-04,-2.491248415094107660e+00,-1.363985162865649636e-04,2.715698273342790792e+00,-2.356267479580752333e+00
5.515752095176518210e-04,-5.613517269986663116e-01,-5.410538301267586725e-04,-2.491820771477105012e+00,-1.807314687303912537e-04,2.715429943952117675e+00,-2.356202632683449760e+00
5.005041906922247374e-04,-5.621076263215021296e-01,-4.896625948101335224e-04,-2.492316812502198164e+00,-2.191532699523657257e-04,2.715197392363690287e+00,-2.356146432172076643e+00
4.568091633647686223e-04,-5.627543540024380064e-01,-4.456935986320020859e-04,-2.492741212223322123e+00,-2.520259576913735922e-04,2.714998427309829321e+00,-2.356098348485149430e+00
4.199891735074817722e-04,-5.632993246343176441e-01,-4.086427465707920259e-04,-2.493098836291391507e+00,-2.797264101951635329e-04,2.714830767699268232e+00,-2.356057830353607940e+00
3.895233153507898782e-04,-5.637502481145979516e-01,-3.779858667657676197e-04,-2.493394744143984987e+00,-3.026465158260660537e-04,2.714692041590604621e+00,-2.356024304552728932e+00
3.648705059414031338e-04,-5.641151329821221250e-01,-3.531784836606488565e-04,-2.493634191195013727e+00,-3.211933426658514223e-04,2.714579785165744497e+00,-2.355997175654041431e+00
3.454692596978892194e-04,-5.644022897539073824e-01,-3.336555911461619450e-04,-2.493822631024414704e+00,-3.357893081227386611e-04,2.714491441703343000e+00,-2.355975825777237631e+00
3.307374629668013988e-04,-5.646203342619129373e-01,-3.188314257024510434e-04,-2.493965717567820484e+00,-3.468723485371277837e-04,2.714424360552252224e+00,-2.355959614342087782e+00
3.200721485811797162e-04,-5.647781909898061947e-01,-3.080992395443349352e-04,-2.494069307306237437e+00,-3.548960887859997637e-04,2.714375796104969041e+00,-2.355947877820353309e+00
3.128492704145280356e-04,-5.648850964097620331e-01,-3.008310737615399466e-04,-2.494139461455739060e+00,-3.603300118905083949e-04,2.714342906771070485e+00,-2.355939929487700368e+00
3.084234779397732051e-04,-5.649506023192123472e-01,-2.963775314635402891e-04,-2.494182448157132637e+00,-3.636596286208521045e-04,2.714322753950669576e+00,-2.355935059175612967e+00
3.061278907842274188e-04,-5.649845791776391124e-01,-2.940675509225387785e-04,-2.494204744665641016e+00,-3.653866471022559903e-04,2.714312301007852923e+00,-2.355932533023305631e+00
3.052738732874510363e-04,-5.649972194433381389e-01,-2.932081787159340758e-04,-2.494213039540587928e+00,-3.660291424205930344e-04,2.714308412244128110e+00,-2.355931593229638743e+00
3.051508090568810783e-04,-5.649990409102039202e-01,-2.930843428697038622e-04,-2.494214234835070876e+00,-3.661217262287408403e-04,2.714307851871866628e+00,-2.355931457805031215e+00
