-4.783327443759360920e-01,-3.038512519350572982e-01,3.290055480558983780e-01,-1.835117236229675264e+00,1.484610503811300553e-01,2.265551055656477519e+00,-2.312863548118027524e+00
-4.567314965461033438e-01,-3.670940861602383087e-01,3.058308611127880661e-01,-1.943867236229675166e+00,1.680881267737847073e-01,2.327769668484453103e+00,-2.182363548118027463e+00
-4.491836103712251727e-01,-4.293279642412071162e-01,2.981550898269953453e-01,-2.045357735193689130e+00,1.864404106819828599e-01,2.384314488489355455e+00,-2.057144158733438033e+00
-4.556885270206825767e-01,-4.873018754634481642e-01,3.047249947900757538e-01,-2.133369029920861415e+00,2.050846156730549708e-01,2.431729285888163172e+00,-1.937527097027494261e+00
-4.724018570352215285e-01,-5.424485594677888045e-01,3.217403905258817698e-01,-2.210672865103885165e+00,2.250867092980138040e-01,2.470968556529092197e+00,-1.823602553634166679e+00
-5.035115336801510022e-01,-5.838891941088857340e-01,3.516407839432653115e-01,-2.258386225980127282e+00,2.444456131511746899e-01,2.493127005305925348e+00,-1.713243745743439739e+00
-5.380216863037744490e-01,-6.267659075484892650e-01,3.855290458535948206e-01,-2.303292918569531444e+00,2.654818544600141550e-01,2.510021890859569282e+00,-1.608385596184519040e+00
-5.745743651411787667e-01,-6.711889373361729083e-01,4.223993723180305970e-01,-2.345558041006617689e+00,2.882889129295026498e-01,2.521356805810336610e+00,-1.508849871309121848e+00
-6.116614273102564114e-01,-7.171154522197963344e-01,4.611041360768168285e-01,-2.385336979770934285e+00,3.127225001554743145e-01,2.526957751392871820e+00,-1.414416409825010046e+00
-6.477423109336626350e-01,-7.642961649827784143e-01,5.004402493878132852e-01,-2.422775980960879316e+00,3.383622052187691409e-01,2.526821676845404596e+00,-1.324782679364486349e+00
-6.813965453491758195e-01,-8.122552433530469962e-01,5.392688608270170825e-01,-2.458012687963180731e+00,3.645490403204034724e-01,2.521149043385270350e+00,-1.239562457613585744e+00
-7.123629947720201416e-01,-8.597352090481285014e-01,5.771497897968960178e-01,-2.489860133061311931e+00,3.906693508266149695e-01,2.509731606994179298e+00,-1.158436966883342523e+00
-7.417021155722189896e-01,-9.051770161301988527e-01,6.143314673227118217e-01,-2.516169288797238668e+00,4.166303051505297339e-01,2.492027132922415067e+00,-1.081480585599325250e+00
-7.691317570005749005e-01,-9.484399480105006885e-01,6.502190079104201992e-01,-2.537559289043980204e+00,4.424019493435433770e-01,2.468840716948692560e+00,-1.008842886016202423e+00
-7.946071274084035574e-01,-9.894529045420489277e-01,6.844297430442134456e-01,-2.554666930321822349e+00,4.681086446115923505e-01,2.441048413376562198e+00,-9.407105242055993077e-01
-8.182595731191402155e-01,-1.028242443020724428e+00,7.167579077625428896e-01,-2.568129003537721111e+00,4.939863753603460639e-01,2.409533381984343414e+00,-8.772629935357831865e-01
-8.403381696370360032e-01,-1.064947051634872910e+00,7.471346244695896699e-01,-2.578563674523241644e+00,5.203340480983316141e-01,2.375125798575925540e+00,-8.186396245347868916e-01
-8.611571040909390407e-01,-1.099815739084602173e+00,7.755873958094254839e-01,-2.586553695871769420e+00,5.474667493550194886e-01,2.338555333897380351e+00,-7.649193505081030020e-01
-8.810511135158128893e-01,-1.133192126634685160e+00,8.022028557812002081e-01,-2.592633201697113421e+00,5.756753542898731535e-01,2.300420831094324381e+00,-7.161108273785719014e-01
-9.003458432784381404e-01,-1.165482851834664046e+00,8.270936844236163044e-01,-2.597266019282963079e+00,6.051894104605141100e-01,2.261170803774095184e+00,-6.721472890499948782e-01
-9.198449464250415541e-01,-1.196749751605552969e+00,8.502639579236550560e-01,-2.599791149851340855e+00,6.357915538530800603e-01,2.220551832809898318e+00,-6.327510328353405100e-01
-9.395300966084135785e-01,-1.227105648569932095e+00,8.717031860697316281e-01,-2.600689841813967895e+00,6.671885403348354338e-01,2.179157079148660969e+00,-5.974367640865830831e-01
-9.586685118050018994e-01,-1.255675904536406762e+00,8.911525494959566807e-01,-2.600428563149412398e+00,6.980187303553702094e-01,2.138202765390372573e+00,-5.649485109731635646e-01
-9.771899667839347714e-01,-1.282565557210735729e+00,9.087550270387675377e-01,-2.599417762348828376e+00,7.281915473161286734e-01,2.098118609043009730e+00,-5.349364533147962231e-01
-9.950032358689584466e-01,-1.307873465610104313e+00,9.246686948487645719e-01,-2.598006483690853852e+00,7.576350260062049147e-01,2.059243259891559319e+00,-5.070818227519182653e-01
-1.012010263467069793e+00,-1.331692673515392222e+00,9.390604294933191376e-01,-2.596485340880320791e+00,7.862970777304464365e-01,2.021836268766527223e+00,-4.811031375747741312e-01
-1.028116548638414951e+00,-1.354110751543898594e+00,9.520997427457844609e-01,-2.595090570441298095e+00,8.141437528352619690e-01,1.986089530676049542e+00,-4.567576174243250797e-01
-1.043238106826443135e+00,-1.375210119100139794e+00,9.639533682825689453e-01,-2.594008872456580406e+00,8.411561949609234201e-01,1.952137733045635093e+00,-4.338395640575524737e-01
-1.057305612903863379e+00,-1.395068347388366936e+00,9.747809140840656417e-01,-2.593382722845468891e+00,8.673273500647290524e-01,1.920067636972115910e+00,-4.121770499474984306e-01
-1.070266376333441904e+00,-1.413758444600816011e+00,9.847316615478465263e-01,-2.593315871994547717e+00,8.926589904966548694e-01,1.889926194640084489e+00,-3.916278362515352440e-01
-1.082084743313138864e+00,-1.431349124330179690e+00,9.939424446244935485e-01,-2.593878796315472801e+00,9.171592781282671414e-01,1.861727592088907368e+00,-3.720751081398018800e-01
-1.092741423067052464e+00,-1.447905058193110328e+00,1.002536464396122096e+00,-2.595113924569841135e+00,9.408408955037632637e-01,1.835459336636748651e+00,-3.534233756844221697e-01
-1.102232130354439787e+00,-1.463487113593515687e+00,1.010622864798931930e+00,-2.597040511790559947e+00,9.637196781900023712e-01,1.811087508315952110e+00,-3.355947272527263214e-01
-1.110565840344197586e+00,-1.478152577499779463e+00,1.018296894821808962e+00,-2.599659077698077247e+00,9.858136469390138545e-01,1.788561281713842988e+00,-3.185255193860710432e-01
-1.117767503448415134e+00,-1.491955367058615867e+00,1.025640374435851765e+00,-2.602950483473043253e+00,1.007143023110453006e+00,1.767814082374745910e+00,-3.021640149338013503e-01
-1.123874989212445996e+00,-1.504946227819873750e+00,1.032722417828792816e+00,-2.606880694338062465e+00,1.027729520969270283e+00,1.748767781650151232e+00,-2.864677166871316683e-01
-1.128923915213296825e+00,-1.517172920301057548e+00,1.039600900412973150e+00,-2.611417690203785114e+00,1.047594049027361640e+00,1.731343196540882312e+00,-2.714000384651307773e-01
-1.132955819497901251e+00,-1.528680395577465934e+00,1.046323578981307678e+00,-2.616523468752711246e+00,1.066758064048770382e+00,1.715456512909371956e+00,-2.569298541105393685e-01
-1.136016637784482475e+00,-1.539510960543497342e+00,1.052929243111075941e+00,-2.622156098779364619e+00,1.085243387010697891e+00,1.701021267726639197e+00,-2.430301680007846687e-01
-1.138155366811389291e+00,-1.549704433452703478e+00,1.059448843261706408e+00,-2.628271388998246305e+00,1.103072053319005041e+00,1.687949983024437994e+00,-2.296770586660411007e-01
-1.139422916595206337e+00,-1.559298290308426704e+00,1.065906561996970536e+00,-2.634824217608967345e+00,1.120266183447810926e+00,1.676155493324815282e+00,-2.168488535251407168e-01
-1.139871144784900592e+00,-1.568327802643225022e+00,1.072320806810891147e+00,-2.641769568543849367e+00,1.136847866294633969e+00,1.665552005349971720e+00,-2.045254963716373331e-01
-1.139552060256761257e+00,-1.576826167193623451e+00,1.078705112441118219e+00,-2.649063318794763422e+00,1.152839051528366188e+00,1.656055926000974177e+00,-1.926880733653670574e-01
-1.138517179676973967e+00,-1.584824627946939790e+00,1.085068947652654492e+00,-2.656662818192492725e+00,1.168261449624719228e+00,1.647586491761718896e+00,-1.813184675291455716e-01
-1.136817019239226623e+00,-1.592352591008884488e+00,1.091418426631382665e+00,-2.664527299067219968e+00,1.183136439607595181e+00,1.640066229778028850e+00,-1.703991158823463525e-01
-1.134500703592588478e+00,-1.599437732714244165e+00,1.097756928696225875e+00,-2.672618148816761963e+00,1.197484985114929845e+00,1.633421277896763835e+00,-1.599128472227100140e-01
-1.131615674668160043e+00,-1.606106101378112161e+00,1.104085632349248502e+00,-2.680899073903394214e+00,1.211327559556777622e+00,1.627581587979653799e+00,-1.498427821153505701e-01
-1.128207484356965384e+00,-1.612382213061752667e+00,1.110403971024732650e+00,-2.689336179442503916e+00,1.224684081024155047e+00,1.622481033897114067e+00,-1.401722798247362345e-01
-1.124319656539082057e+00,-1.618289141705179013e+00,1.116710018518347169e+00,-2.697897984502017898e+00,1.237573857369288932e+00,1.618057442821351222e+00,-1.308849197203979242e-01
-1.119993605638122780e+00,-1.623848603957815495e+00,1.123000812179669960e+00,-2.706555389595751038e+00,1.250015541594962309e+00,1.614252565826854280e+00,-1.219645071081065651e-01
-1.115268600554033318e+00,-1.629081039019120380e+00,1.129272621698494738e+00,-2.715281609668529939e+00,1.262027097413207732e+00,1.611012001406193717e+00,-1.133950955056890891e-01
-1.110181764431157569e+00,-1.634005683782701501e+00,1.135521170834180804e+00,-2.724052083140203084e+00,1.273625774589619564e+00,1.608285083341251642e+00,-1.051610191248079085e-01
-1.104768102199612079e+00,-1.638640643560189680e+00,1.141741818823329702e+00,-2.732844365277950605e+00,1.284828093492064394e+00,1.606024742442617947e+00,-9.724693076949486592e-02
-1.099060549161092748e+00,-1.643002958644884437e+00,1.147929707524160126e+00,-2.741638012264904223e+00,1.295649838115119357e+00,1.604187349980279009e+00,-8.963784155325603409e-02
-1.093090035066225596e+00,-1.647108666959891332e+00,1.154079879665345310e+00,-2.750414460783221049e+00,1.306106056752069700e+00,1.602732549166322906e+00,-8.231915980314458148e-02
-1.086885559151169245e+00,-1.650972863021074266e+00,1.160187372896006819e+00,-2.759156906684200994e+00,1.316211069429599201e+00,1.601623079799246341e+00,-7.527672729370463167e-02
-1.080474272474875708e+00,-1.654609753431599328e+00,1.166247293703011945e+00,-2.767850185330524848e+00,1.325978481199838299e+00,1.600824600120417385e+00,-6.849685156604755354e-02
-1.073860002091112209e+00,-1.657980486475997495e+00,1.172253844339816720e+00,-2.776482441667061707e+00,1.335397670020838756e+00,1.600355977512952110e+00,-6.195636795709583144e-02
-1.066928900565626614e+00,-1.660756787127787515e+00,1.178193154026766054e+00,-2.785052496655645804e+00,1.344329365637737528e+00,1.600518018787780550e+00,-5.558130200391211279e-02
-1.059746838260210433e+00,-1.663039835376651565e+00,1.184057113320035715e+00,-2.793544871347966030e+00,1.352829452311907321e+00,1.601198287553900812e+00,-4.938384726164864874e-02
-1.052369259664939216e+00,-1.664913979310942871e+00,1.189838899914174464e+00,-2.801946394204066326e+00,1.360944232791876596e+00,1.602301877736637126e+00,-4.337080681633213169e-02
-1.044842828743971941e+00,-1.666449328823939036e+00,1.195532880533575204e+00,-2.810245880633791327e+00,1.368712103352140774e+00,1.603748911146206879e+00,-3.754488954513397064e-02
-1.037206850162156524e+00,-1.667704024110481242e+00,1.201134475493945919e+00,-2.818433859490721449e+00,1.376164953423544723e+00,1.605472309623427574e+00,-3.190573842505093488e-02
-1.029494481105890147e+00,-1.668726192596087676e+00,1.206640013106826892e+00,-2.826502340466662933e+00,1.383329329275387654e+00,1.607415844450810871e+00,-2.645074185798984220e-02
-1.021733754469091426e+00,-1.669555619793131829e+00,1.212046589506581507e+00,-2.834444616539024686e+00,1.390227397826350186e+00,1.609532449022568645e+00,-2.117567041447884074e-02
-1.013948436269349829e+00,-1.670225164576415899e+00,1.217351941949470051e+00,-2.842255096147713544e+00,1.396877742489639695e+00,1.611782772321112667e+00,-1.607517375483684396e-02
-1.006158739946083402e+00,-1.670761950386766115e+00,1.222554338923043327e+00,-2.849929160419128582e+00,1.403296018692591796e+00,1.614133947297794469e+00,-1.114316595909750802e-02
-9.983819187173414988e-01,-1.671188362663112992e+00,1.227652487593864361e+00,-2.857463041406122617e+00,1.409495492690436391e+00,1.616558547754570974e+00,-6.373122059598557154e-03
-9.906327550850501096e-01,-1.671522880439240355e+00,1.232645457559110813e+00,-2.864853717922243082e+00,1.415487483664487955e+00,1.619033708489097112e+00,-1.758304107489656529e-03
-9.829239642756817386e-01,-1.671780767164948278e+00,1.237532619099755316e+00,-2.872098826093835822e+00,1.421281725902561410e+00,1.621540385501329729e+00,2.708068525117052379e-03
-9.752890217865927136e-01,-1.671966399900818079e+00,1.242310298341976926e+00,-2.879176020071921194e+00,1.426884683705706536e+00,1.624062457879643651e+00,7.029504170878064090e-03
-9.677577934515085856e-01,-1.672083972341714020e+00,1.246975320192262204e+00,-2.886066417004792051e+00,1.432302265169147937e+00,1.626585941302849836e+00,1.120896207226884135e-02
-9.603339346786561315e-01,-1.672145594823359005e+00,1.251528335751799004e+00,-2.892774740911909337e+00,1.437541844048194406e+00,1.629099036399215494e+00,1.525249564500192126e-02
-9.530202564919851849e-01,-1.672161299352137975e+00,1.255970142657328648e+00,-2.899305592509153318e+00,1.442609940223452902e+00,1.631592151291896053e+00,1.916604731589994712e-02
-9.458188951508561537e-01,-1.672139409522018116e+00,1.260301658864398489e+00,-2.905663445000715939e+00,1.447512387977627046e+00,1.634057521719212813e+00,2.295538821514924582e-02
-9.387314470626852980e-01,-1.672086843549297486e+00,1.264523902957161772e+00,-2.911852642739835684e+00,1.452254471078488152e+00,1.636488897426575440e+00,2.662607632239093192e-02
-9.317590758656878469e-01,-1.672009362474313310e+00,1.268637979354912959e+00,-2.917877402003611120e+00,1.456841031118724539e+00,1.638881283188139415e+00,3.018342886199831820e-02
-9.249025972343815072e-01,-1.671911773443587768e+00,1.272645067146638276e+00,-2.923741813294793435e+00,1.461276554304803188e+00,1.641230724836656218e+00,3.363250564875626403e-02
-9.181625458828752695e-01,-1.671798096215694418e+00,1.276546411576847895e+00,-2.929449844715806606e+00,1.465565240874990405e+00,1.643534132364247613e+00,3.697810079585696352e-02
-9.117254629572429936e-01,-1.671781481541746217e+00,1.280350521928828700e+00,-2.934882206791347592e+00,1.469766675979112369e+00,1.645637772518608877e+00,4.018715309753832787e-02
-9.056614276498312632e-01,-1.671891936409334756e+00,1.284060606806942229e+00,-2.939995018156562612e+00,1.473899063097878770e+00,1.647496557070514456e+00,4.324860595443532491e-02
-8.999449065269159442e-01,-1.672099538484459247e+00,1.287675228018579032e+00,-2.944807075912058814e+00,1.477950537729626479e+00,1.649146531207339228e+00,4.617013693825771509e-02
-8.945526524095127607e-01,-1.672378827300717630e+00,1.291192996948436589e+00,-2.949336071446643448e+00,1.481911436817996419e+00,1.650619072053359115e+00,4.895871389815260877e-02
-8.894634157222598425e-01,-1.672708157203933732e+00,1.294612665387332662e+00,-2.953598655479193980e+00,1.485773981424078016e+00,1.651941520566260868e+00,5.162070645614651176e-02
-8.846577054096469439e-01,-1.673069161955806017e+00,1.297933189130548559e+00,-2.957610499274535343e+00,1.489532012496619595e+00,1.653137707142859902e+00,5.416197773397001675e-02
-8.801175892272999901e-01,-1.673446308828024476e+00,1.301153770713283642e+00,-2.961386352258386090e+00,1.493180769241398309e+00,1.654228392113149315e+00,5.658795987886275358e-02
-8.758265254954665791e-01,-1.673826524604121513e+00,1.304273886082891520e+00,-2.964940096243187106e+00,1.496716701800024918e+00,1.655231637860798299e+00,5.890371630725260710e-02
-8.717692201438480559e-01,-1.674198879526195727e+00,1.307293298863356101e+00,-2.968284796464176090e+00,1.500137311682328445e+00,1.656163125819329673e+00,6.111399304687335776e-02
-8.679315042150816950e-01,-1.674554318088096183e+00,1.310212065025732286e+00,-2.971432749613342139e+00,1.503441014760320549e+00,1.657036428843814857e+00,6.322326111622116052e-02
-8.643002280270380977e-01,-1.674885427849267749e+00,1.313030530153921793e+00,-2.974395529047851205e+00,1.506627022706998220e+00,1.657863247284682373e+00,6.523575152076972750e-02
-8.608631689947814358e-01,-1.675186239250958886e+00,1.315749321027951613e+00,-2.977184027339153882e+00,1.509695239612813822e+00,1.658653615367640555e+00,6.715548415438579721e-02
-8.576089507361610575e-01,-1.675452050856991004e+00,1.318369332893976287e+00,-2.979808496319203748e+00,1.512646171185093813e+00,1.659416083115341722e+00,6.898629165969731580e-02
-8.545269715715821945e-01,-1.675679275590737927e+00,1.320891713520738531e+00,-2.982278584771015151e+00,1.515480844468585442e+00,1.660157877957959993e+00,7.073183911223365761e-02
-8.516073409095713531e-01,-1.675865304457530458e+00,1.323317844933995735e+00,-2.984603373902131818e+00,1.518200736447812726e+00,1.660885049313769235e+00,7.239564024111043439e-02
-8.488408223089218829e-01,-1.676008384973544540e+00,1.325649323557344328e+00,-2.986791410731417962e+00,1.520807710226742548e+00,1.661602598732306646e+00,7.398107077650689645e-02
